observable,display_unit,observed_CODATA_PDG,electron_anchor_value,electron_anchor_delta_ppm_vs_observed,vC_obs_anchor_value,vC_obs_anchor_delta_ppm_vs_observed,vC_struct_anchor_value,vC_struct_anchor_delta_ppm_vs_observed,mPlanck_anchor_value,mPlanck_anchor_delta_ppm_vs_observed,G_anchor_value,G_anchor_delta_ppm_vs_observed,lambda_C_tau_anchor_value,lambda_C_tau_anchor_delta_ppm_vs_observed,alpha_EM_anchor_value,alpha_EM_anchor_delta_ppm_vs_observed,max_pairwise_anchor_spread_ppm,mass_anchors_only_max_pairwise_spread_ppm
electron,MeV,0.51099895069,0.51099895069,0.000000,0.5109989506260585,-0.000125,0.5109989506669512,-0.000045,0.5109995435281294,1.160155,0.5109995973465011,1.265475,0.5109989893914494,0.075737,0.5109989506669512,-0.000045,1.265600,1.265600
muon,MeV,105.6583755,105.6583755209723,0.000198,105.6583755077512,0.000073,105.6583755162066,0.000153,105.6584981010943,1.160354,105.6585092290266,1.265674,105.6583835232045,0.075935,105.6583755162066,0.000153,1.265600,1.265600
tau,MeV,1776.86,1776.859739201515,-0.146775,1776.859738979176,-0.146900,1776.859739121369,-0.146820,1776.861800634719,1.013380,1776.861987773455,1.118700,1776.859873775269,-0.071038,1776.859739121369,-0.146820,1.265600,1.265600
up,MeV,2.16,2.172135018847406,5618.064281,2.172135018575606,5618.064155,2.172135018749431,5618.064236,2.172137538861311,5619.230954,2.172137767630411,5619.336866,2.172135183358064,5618.140444,2.172135018749431,5618.064236,1.265600,1.265600
down,MeV,4.67,4.666472668645516,-755.317207,4.666472668061598,-755.317332,4.666472668435033,-755.317252,4.666478082478409,-754.157928,4.666478573950966,-754.052687,4.666473022069443,-755.241527,4.666472668435033,-755.317252,1.265600,1.265600
strange,MeV,93.4,93.25272877140411,-1576.779749,93.25272875973536,-1576.779874,93.25272876719791,-1576.779794,93.25283695904953,-1575.621423,93.25284678042003,-1575.516270,93.25273583407177,-1576.704132,93.25272876719791,-1576.779794,1.265600,1.265600
charm,MeV,1273.0,1274.29766085389,1019.372234,1274.297660694436,1019.372109,1274.297660796412,1019.372189,1274.299139237046,1020.533572,1274.299273445982,1020.638999,1274.297757365177,1019.448048,1274.297660796412,1019.372189,1.265600,1.265600
bottom,MeV,4183.0,4178.924487169215,-974.303808,4178.924486646305,-974.303933,4178.924486980723,-974.303854,4178.929335370513,-973.144784,4178.929775494531,-973.039566,4178.92480366778,-974.228145,4178.924486980723,-974.303854,1.265600,1.265600
top,GeV,172.57,172.5698833093231,-0.676193,172.5698832877293,-0.676318,172.5698833015392,-0.676238,172.5700835171839,0.483961,172.5701016922313,0.589281,172.5698963792219,-0.600456,172.5698833015392,-0.676238,1.265600,1.265600
nu_1,meV,0.451,0.4516090891872303,1350.530349,0.4516090891307203,1350.530223,0.4516090891668603,1350.530303,0.4516096131238985,1351.692071,0.4516096606873344,1351.797533,0.4516091233906789,1350.606188,0.4516090891668603,1350.530303,1.265600,1.265600
nu_2,meV,8.6139,8.62537953045459,1332.675148,8.625379529375292,1332.675022,8.625379530065539,1332.675103,8.625389537234171,1333.836849,8.625390445658507,1333.942309,8.62538018371364,1332.750985,8.625379530065539,1332.675103,1.265600,1.265600
nu_3,meV,50.1498,50.21285708457289,1257.374597,50.21285707828974,1257.374472,50.21285708230802,1257.374552,50.21291533928403,1258.536211,50.21292062769843,1258.641664,50.21286088753637,1257.450429,50.21285708230802,1257.374552,1.265600,1.265600
Higgs vev,GeV,246.21965,246.2196500308096,0.000125,246.21965,-0.000000,246.2196500197037,0.000080,246.219935683836,1.160280,246.2199616156713,1.265600,246.2196686787096,0.075862,246.2196500197037,0.000080,1.265600,1.265600
Higgs boson,GeV,125.2,125.1997813598023,-1.746327,125.199781344136,-1.746453,125.1997813541551,-1.746373,125.1999266109894,-0.586174,125.1999397970211,-0.480854,125.199790842039,-1.670591,125.1997813541551,-1.746373,1.265600,1.265600
W boson,GeV,80.3692,80.36920038709992,0.004817,80.36920037704329,0.004691,80.36920038347484,0.004771,80.36929362785189,1.164972,80.36930209233014,1.270292,80.36920647400976,0.080553,80.36920038347484,0.004771,1.265600,1.265600
Z boson,GeV,91.1876,91.19003482663429,26.701291,91.19003481522365,26.701166,91.19003482252113,26.701246,91.19014062123444,27.861477,91.19015022536218,27.966800,91.19004173308002,26.777030,91.19003482252113,26.701246,1.265600,1.265600
sin2_theta_W,(dimensionless),0.22320267795,0.2232441517886955,185.812460,0.2232441517886955,185.812460,0.2232441517886955,185.812460,0.2232441517886955,185.812460,0.2232441517886955,185.812460,0.2232441517886955,185.812460,0.2232441517886955,185.812460,0.000000,0.000000
g_2,(dimensionless),0.65282523,0.6528252345175804,0.006920,0.6528252345175804,0.006920,0.6528252345175804,0.006920,0.6528252345175804,0.006920,0.6528252345175804,0.006920,0.6528252345175804,0.006920,0.6528252345175804,0.006920,0.000000,0.000000
g_1_EW,(dimensionless),0.34993934,0.3499811975896,119.613844,0.3499811975896,119.613844,0.3499811975896,119.613844,0.3499811975896,119.613844,0.3499811975896,119.613844,0.3499811975896,119.613844,0.3499811975896,119.613844,0.000000,0.000000
g_1_GUT,(dimensionless),0.45176975,0.4518237832500827,119.603515,0.4518237832500827,119.603515,0.4518237832500827,119.603515,0.4518237832500827,119.603515,0.4518237832500827,119.603515,0.4518237832500827,119.603515,0.4518237832500827,119.603515,0.000000,0.000000
alpha_2,(dimensionless),0.033914389,0.03391438943683161,0.012880,0.03391438943683161,0.012880,0.03391438943683161,0.012880,0.03391438943683161,0.012880,0.03391438943683161,0.012880,0.03391438943683161,0.012880,0.03391438943683161,0.012880,0.000000,0.000000
alpha_1_EW,(dimensionless),0.0097448616,0.009747192918716643,239.235693,0.009747192918716643,239.235693,0.009747192918716643,239.235693,0.009747192918716643,239.235693,0.009747192918716643,239.235693,0.009747192918716643,239.235693,0.009747192918716643,239.235693,0.000000,0.000000
alpha_1_GUT,(dimensionless),0.016241436,0.0162453215311944,239.235693,0.0162453215311944,239.235693,0.0162453215311944,239.235693,0.0162453215311944,239.235693,0.0162453215311944,239.235693,0.0162453215311944,239.235693,0.0162453215311944,239.235693,0.000000,0.000000
alpha_EM_tree,(dimensionless),0.007569782445838023,0.007571189103256967,185.825343,0.007571189103256967,185.825343,0.007571189103256967,185.825343,0.007571189103256967,185.825343,0.007571189103256967,185.825343,0.007571189103256967,185.825343,0.007571189103256967,185.825343,0.000000,0.000000
y_electron,(dimensionless),2.935028322979983e-6,2.935028322612722e-6,-0.000125,2.935028322612722e-6,-0.000125,2.935028322612722e-6,-0.000125,2.935028322612722e-6,-0.000125,2.935028322612722e-6,-0.000125,2.935028322612722e-6,-0.000125,2.935028322612722e-6,-0.000125,0.000000,0.000000
y_muon,(dimensionless),0.0006068707660432835,0.0006068707660878043,0.000073,0.0006068707660878043,0.000073,0.0006068707660878043,0.000073,0.0006068707660878043,0.000073,0.0006068707660878043,0.000073,0.0006068707660878043,0.000073,0.0006068707660878043,0.000073,0.000000,0.000000
y_tau,(dimensionless),0.01020576347354185,0.01020576197431467,-0.146900,0.01020576197431467,-0.146900,0.01020576197431467,-0.146900,0.01020576197431467,-0.146900,0.01020576197431467,-0.146900,0.01020576197431467,-0.146900,0.01020576197431467,-0.146900,0.000000,0.000000
y_up,(dimensionless),1.240640742818815e-5,1.24761074210574e-5,5618.064155,1.24761074210574e-5,5618.064155,1.24761074210574e-5,5618.064155,1.24761074210574e-5,5618.064155,1.24761074210574e-5,5618.064155,1.24761074210574e-5,5618.064155,1.24761074210574e-5,5618.064155,0.000000,0.000000
y_down,(dimensionless),2.682311235631418e-5,2.680285239466498e-5,-755.317332,2.680285239466498e-5,-755.317332,2.680285239466498e-5,-755.317332,2.680285239466498e-5,-755.317332,2.680285239466498e-5,-755.317332,2.680285239466498e-5,-755.317332,2.680285239466498e-5,-755.317332,0.000000,0.000000
y_strange,(dimensionless),0.0005364622471262837,0.0005356163642516644,-1576.779874,0.0005356163642516644,-1576.779874,0.0005356163642516644,-1576.779874,0.0005356163642516644,-1576.779874,0.0005356163642516644,-1576.779874,0.0005356163642516644,-1576.779874,0.0005356163642516644,-1576.779874,0.000000,0.000000
y_charm,(dimensionless),0.007311739192631254,0.007319192575630663,1019.372109,0.007319192575630663,1019.372109,0.007319192575630663,1019.372109,0.007319192575630663,1019.372109,0.007319192575630663,1019.372109,0.007319192575630663,1019.372109,0.007319192575630663,1019.372109,0.000000,0.000000
y_bottom,(dimensionless),0.02402592697782917,0.02400251842266947,-974.303933,0.02400251842266947,-974.303933,0.02400251842266947,-974.303933,0.02400251842266947,-974.303933,0.02400251842266947,-974.303933,0.02400251842266947,-974.303933,0.02400251842266947,-974.303933,0.000000,0.000000
y_top,(dimensionless),0.9911915416122353,0.9911908712511326,-0.676318,0.9911908712511326,-0.676318,0.9911908712511326,-0.676318,0.9911908712511326,-0.676318,0.9911908712511326,-0.676318,0.9911908712511326,-0.676318,0.9911908712511326,-0.676318,0.000000,0.000000
lambda_H,(dimensionless),0.1292805654112508,0.1292801138468891,-3.492902,0.1292801138468891,-3.492902,0.1292801138468891,-3.492902,0.1292801138468891,-3.492902,0.1292801138468891,-3.492902,0.1292801138468891,-3.492902,0.1292801138468891,-3.492902,0.000000,0.000000
alpha_s,(dimensionless),0.118,0.1180478309232481,405.346807,0.1180478309232481,405.346807,0.1180478309232481,405.346807,0.1180478309232481,405.346807,0.1180478309232481,405.346807,0.1180478309232481,405.346807,0.1180478309232481,405.346807,0.000000,0.000000
sin2_theta12,(dimensionless),0.303,0.3065788699419789,11811.451954,0.3065788699419789,11811.451954,0.3065788699419789,11811.451954,0.3065788699419789,11811.451954,0.3065788699419789,11811.451954,0.3065788699419789,11811.451954,0.3065788699419789,11811.451954,0.000000,0.000000
sin2_theta23,(dimensionless),0.572,0.5714285714285714,-999.000999,0.5714285714285714,-999.000999,0.5714285714285714,-999.000999,0.5714285714285714,-999.000999,0.5714285714285714,-999.000999,0.5714285714285714,-999.000999,0.5714285714285714,-999.000999,0.000000,0.000000
sin2_theta13,(dimensionless),0.02203,0.02197802197802198,-2359.419972,0.02197802197802198,-2359.419972,0.02197802197802198,-2359.419972,0.02197802197802198,-2359.419972,0.02197802197802198,-2359.419972,0.02197802197802198,-2359.419972,0.02197802197802198,-2359.419972,0.000000,0.000000
delta_CP_rad,rad,3.438298626428829,3.455751918948773,5076.142132,3.455751918948773,5076.142132,3.455751918948773,5076.142132,3.455751918948773,5076.142132,3.455751918948773,5076.142132,3.455751918948773,5076.142132,3.455751918948773,5076.142132,0.000000,0.000000
U_e1,(dimensionless),0.825,0.8235175196810212,-1796.945841,0.8235175196810212,-1796.945841,0.8235175196810212,-1796.945841,0.8235175196810212,-1796.945841,0.8235175196810212,-1796.945841,0.8235175196810212,-1796.945841,0.8235175196810212,-1796.945841,0.000000,0.000000
U_e2,(dimensionless),0.547,0.5475772756428054,1055.348524,0.5475772756428054,1055.348524,0.5475772756428054,1055.348524,0.5475772756428054,1055.348524,0.5475772756428054,1055.348524,0.5475772756428054,1055.348524,0.5475772756428054,1055.348524,0.000000,0.000000
U_e3,(dimensionless),0.148,0.1482498633322202,1688.265758,0.1482498633322202,1688.265758,0.1482498633322202,1688.265758,0.1482498633322202,1688.265758,0.1482498633322202,1688.265758,0.1482498633322202,1688.265758,0.1482498633322202,1688.265758,0.000000,0.000000
U_mu1,(dimensionless),0.341,0.2752413168701094,-192840.712991,0.2752413168701094,-192840.712991,0.2752413168701094,-192840.712991,0.2752413168701094,-192840.712991,0.2752413168701094,-192840.712991,0.2752413168701094,-192840.712991,0.2752413168701094,-192840.712991,0.000000,0.000000
U_mu2,(dimensionless),0.609,0.6044605162959476,-7453.996230,0.6044605162959476,-7453.996230,0.6044605162959476,-7453.996230,0.6044605162959476,-7453.996230,0.6044605162959476,-7453.996230,0.6044605162959476,-7453.996230,0.6044605162959476,-7453.996230,0.000000,0.000000
U_mu3,(dimensionless),0.715,0.7475758835909868,45560.676351,0.7475758835909868,45560.676351,0.7475758835909868,45560.676351,0.7475758835909868,45560.676351,0.7475758835909868,45560.676351,0.7475758835909868,45560.676351,0.7475758835909868,45560.676351,0.000000,0.000000
U_tau1,(dimensionless),0.447,0.4960454739900637,109721.418322,0.4960454739900637,109721.418322,0.4960454739900637,109721.418322,0.4960454739900637,109721.418322,0.4960454739900637,109721.418322,0.4960454739900637,109721.418322,0.4960454739900637,109721.418322,0.000000,0.000000
U_tau2,(dimensionless),0.574,0.5786074761345896,8026.961907,0.5786074761345896,8026.961907,0.5786074761345896,8026.961907,0.5786074761345896,8026.961907,0.5786074761345896,8026.961907,0.5786074761345896,8026.961907,0.5786074761345896,8026.961907,0.000000,0.000000
U_tau3,(dimensionless),0.682,0.6474197064463928,-50704.242747,0.6474197064463928,-50704.242747,0.6474197064463928,-50704.242747,0.6474197064463928,-50704.242747,0.6474197064463928,-50704.242747,0.6474197064463928,-50704.242747,0.6474197064463928,-50704.242747,0.000000,0.000000
sin2_theta12_CKM,(dimensionless),0.05064,0.05035971223021583,-5534.908566,0.05035971223021583,-5534.908566,0.05035971223021583,-5534.908566,0.05035971223021583,-5534.908566,0.05035971223021583,-5534.908566,0.05035971223021583,-5534.908566,0.05035971223021583,-5534.908566,0.000000,0.000000
sin2_theta23_CKM,(dimensionless),0.001682,0.001681796794019413,-120.812117,0.001681796794019413,-120.812117,0.001681796794019413,-120.812117,0.001681796794019413,-120.812117,0.001681796794019413,-120.812117,0.001681796794019413,-120.812117,0.001681796794019413,-120.812117,0.000000,0.000000
sin2_theta13_CKM,(dimensionless),1.46e-5,1.45260538788985e-5,-5064.802815,1.45260538788985e-5,-5064.802815,1.45260538788985e-5,-5064.802815,1.45260538788985e-5,-5064.802815,1.45260538788985e-5,-5064.802815,1.45260538788985e-5,-5064.802815,1.45260538788985e-5,-5064.802815,0.000000,0.000000
delta_CKM_rad,rad,1.143190660056286,1.151917306316258,7633.587786,1.151917306316258,7633.587786,1.151917306316258,7633.587786,1.151917306316258,7633.587786,1.151917306316258,7633.587786,1.151917306316258,7633.587786,1.151917306316258,7633.587786,0.000000,0.000000
V_ud,(dimensionless),0.97373,0.9744878107209953,778.255493,0.9744878107209953,778.255493,0.9744878107209953,778.255493,0.9744878107209953,778.255493,0.9744878107209953,778.255493,0.9744878107209953,778.255493,0.9744878107209953,778.255493,0.000000,0.000000
V_us,(dimensionless),0.2243,0.2244080673735297,481.798366,0.2244080673735297,481.798366,0.2244080673735297,481.798366,0.2244080673735297,481.798366,0.2244080673735297,481.798366,0.2244080673735297,481.798366,0.2244080673735297,481.798366,0.000000,0.000000
V_ub,(dimensionless),0.00382,0.003811306059462884,-2275.900664,0.003811306059462884,-2275.900664,0.003811306059462884,-2275.900664,0.003811306059462884,-2275.900664,0.003811306059462884,-2275.900664,0.003811306059462884,-2275.900664,0.003811306059462884,-2275.900664,0.000000,0.000000
V_cd,(dimensionless),0.221,0.2242829070054902,14854.782830,0.2242829070054902,14854.782830,0.2242829070054902,14854.782830,0.2242829070054902,14854.782830,0.2242829070054902,14854.782830,0.2242829070054902,14854.782830,0.2242829070054902,14854.782830,0.000000,0.000000
V_cs,(dimensionless),0.975,0.9736608266028875,-1373.511177,0.9736608266028875,-1373.511177,0.9736608266028875,-1373.511177,0.9736608266028875,-1373.511177,0.9736608266028875,-1373.511177,0.9736608266028875,-1373.511177,0.9736608266028875,-1373.511177,0.000000,0.000000
V_cb,(dimensionless),0.0408,0.04100941799329235,5132.793953,0.04100941799329235,5132.793953,0.04100941799329235,5132.793953,0.04100941799329235,5132.793953,0.04100941799329235,5132.793953,0.04100941799329235,5132.793953,0.04100941799329235,5132.793953,0.000000,0.000000
V_td,(dimensionless),0.0086,0.008407400392998532,-22395.303140,0.008407400392998532,-22395.303140,0.008407400392998532,-22395.303140,0.008407400392998532,-22395.303140,0.008407400392998532,-22395.303140,0.008407400392998532,-22395.303140,0.008407400392998532,-22395.303140,0.000000,0.000000
V_ts,(dimensionless),0.0415,0.04031890420955506,-28460.139529,0.04031890420955506,-28460.139529,0.04031890420955506,-28460.139529,0.04031890420955506,-28460.139529,0.04031890420955506,-28460.139529,0.04031890420955506,-28460.139529,0.04031890420955506,-28460.139529,0.000000,0.000000
V_tb,(dimensionless),1.014,0.999151490807061,-14643.500190,0.999151490807061,-14643.500190,0.999151490807061,-14643.500190,0.999151490807061,-14643.500190,0.999151490807061,-14643.500190,0.999151490807061,-14643.500190,0.999151490807061,-14643.500190,0.000000,0.000000
theta_QCD,rad,0.0,0.0,,0.0,,0.0,,0.0,,0.0,,0.0,,0.0,,,
photon,MeV,0.0,0.0,,0.0,,0.0,,0.0,,0.0,,0.0,,0.0,,,
gluon_1,MeV,0.0,0.0,,0.0,,0.0,,0.0,,0.0,,0.0,,0.0,,,
gluon_2,MeV,0.0,0.0,,0.0,,0.0,,0.0,,0.0,,0.0,,0.0,,,
gluon_3,MeV,0.0,0.0,,0.0,,0.0,,0.0,,0.0,,0.0,,0.0,,,
gluon_4,MeV,0.0,0.0,,0.0,,0.0,,0.0,,0.0,,0.0,,0.0,,,
gluon_5,MeV,0.0,0.0,,0.0,,0.0,,0.0,,0.0,,0.0,,0.0,,,
gluon_6,MeV,0.0,0.0,,0.0,,0.0,,0.0,,0.0,,0.0,,0.0,,,
gluon_7,MeV,0.0,0.0,,0.0,,0.0,,0.0,,0.0,,0.0,,0.0,,,
gluon_8,MeV,0.0,0.0,,0.0,,0.0,,0.0,,0.0,,0.0,,0.0,,,
G,m^3/(kg s^2),6.6743e-11,6.674316892332991e-11,2.530952,6.674316894003311e-11,2.531202,6.674316892935086e-11,2.531042,6.674301405872009e-11,0.210640,6.6743e-11,-0.000000,6.674315881349669e-11,2.379478,6.674316892935086e-11,2.531042,2.531196,2.531196
m_Planck,GeV,1.22089e+19,1.220888583579667e+19,-1.160154,1.220888583426896e+19,-1.160279,1.220888583524598e+19,-1.160199,1.22089e+19,0.000000,1.220890128583895e+19,0.105320,1.220888676045919e+19,-1.084417,1.220888583524598e+19,-1.160199,1.265600,1.265600
a_e_LO,(dimensionless),0.001159652181,0.001160433606158706,673.844426,0.001160433606158706,673.844426,0.001160433606158706,673.844426,0.001160433606158706,673.844426,0.001160433606158706,673.844426,0.001160433606158706,673.844426,0.001160433606158706,673.844426,0.000000,0.000000
a_mu_LO,(dimensionless),0.00116592059,0.001166708089660997,675.431644,0.001166708089660997,675.431644,0.001166708089660997,675.431644,0.001166708089660997,675.431644,0.001166708089660997,675.431644,0.001166708089660997,675.431644,0.001166708089660997,675.431644,0.000000,0.000000
a_tau_LO,(dimensionless),0.00117721,0.001177412741511463,172.222043,0.001177412741511463,172.222043,0.001177412741511463,172.222043,0.001177412741511463,172.222043,0.001177412741511463,172.222043,0.001177412741511463,172.222043,0.001177412741511463,172.222043,0.000000,0.000000
G_F,GeV^-2,1.1663787e-5,1.166378707231992e-5,0.006200,1.166378707523891e-5,0.006451,1.166378707337212e-5,0.006291,1.166376000875877e-5,-2.314106,1.166375755190932e-5,-2.524745,1.166378530556321e-5,-0.145273,1.166378707337212e-5,0.006291,2.531196,2.531196
tau_mu,s,2.1969811e-6,2.196981380177238e-6,0.127528,2.196981380452148e-6,0.127653,2.196981380276334e-6,0.127573,2.196978831340653e-6,-1.032626,2.196978599955297e-6,-1.137945,2.196981213784808e-6,0.051791,2.196981380276334e-6,0.127573,1.265599,1.265599
tau_tau,s,2.903e-13,2.903656009449141e-13,225.976386,2.903656009812477e-13,225.976511,2.903656009580112e-13,225.976431,2.903652640761206e-13,224.815970,2.903652334949111e-13,224.710627,2.903655789535406e-13,225.900632,2.903656009580112e-13,225.976431,1.265599,1.265599
Gamma_W,GeV,2.085,2.097035187475371,5772.272170,2.097035187212968,5772.272045,2.097035187380783,5772.272125,2.09703762036181,5773.439022,2.097037841221401,5773.544950,2.097035346298204,5772.348344,2.097035187380783,5772.272125,1.265600,1.265600
Gamma_Z,GeV,2.4955,2.508962908593845,5394.874211,2.508962908279897,5394.874085,2.508962908480677,5394.874166,2.508965819380404,5396.040625,2.508966083624192,5396.146513,2.508963098614785,5394.950357,2.508962908480677,5394.874166,1.265600,1.265600
Gamma_Z_invisible,GeV,0.4995,0.4976876519485508,-3628.324427,0.497687651886275,-3628.324552,0.4976876519261024,-3628.324472,0.4976882293435067,-3627.168481,0.4976882817599335,-3627.063544,0.4976876896418444,-3628.248965,0.4976876519261024,-3628.324472,1.265600,1.265600
Gamma_Z_leptonic,GeV,0.08398,0.08389802826778696,-976.086356,0.08389802825728876,-976.086481,0.0838980282640027,-976.086401,0.08389812560252722,-974.927334,0.08389813443866136,-974.822116,0.0838980346219591,-976.010694,0.0838980282640027,-976.086401,1.265600,1.265600
m_b_at_mH,GeV,2.79,2.03204635148312,-271667.974379,2.032046351228849,-271667.974470,2.032046351391464,-271667.974412,2.032048708972419,-271667.129401,2.032048922987391,-271667.052693,2.032046505383904,-271667.919217,2.032046351391464,-271667.974412,1.265600,1.265600
m_c_at_mH,GeV,0.62,0.3901830743476358,-370672.460730,0.3901830742988121,-370672.460808,0.3901830743300365,-370672.460758,0.3901835270205887,-370671.730612,0.3901835681146413,-370671.664331,0.3901831038988717,-370672.413066,0.3901830743300365,-370672.460758,1.265600,1.265600
Gamma_H_bb,GeV,0.0022,0.001222806607243457,-444178.814889,0.001222806607090447,-444178.814959,0.001222806607188302,-444178.814914,0.001222808025888996,-444178.170050,0.001222808154674897,-444178.111511,0.001222806699854974,-444178.772793,0.001222806607188302,-444178.814914,1.265600,1.265600
Gamma_H_tautau,GeV,0.00023,0.000252862123924204,99400.538801,0.0002528621238925633,99400.538663,0.0002528621239127986,99400.538751,0.0002528624172835315,99401.814276,0.0002528624439149518,99401.930065,0.000252862143075184,99400.622066,0.0002528621239127986,99400.538751,1.265600,1.265600
Gamma_H_cc,GeV,0.00012,4.515323712124182e-5,-623723.023990,4.515323711559177e-5,-623723.024037,4.515323711920516e-5,-623723.024007,4.515328950600816e-5,-623722.587450,4.515329426154376e-5,-623722.547820,4.515324054100563e-5,-623722.995492,4.515323711920516e-5,-623723.024007,1.265600,1.265600
Gamma_H_ff_total,GeV,0.00251,0.001520821968288903,-394094.833351,0.001520821968098602,-394094.833427,0.001520821968220306,-394094.833378,0.001520823732678535,-394094.130407,0.001520823892851393,-394094.066593,0.001520822083471164,-394094.787462,0.001520821968220306,-394094.833378,1.265600,1.265600
lambda_C_e,fm,2426.31023867,2426.310234659465,-0.001653,2426.31023496307,-0.001528,2426.310234768905,-0.001608,2426.307419766107,-1.161807,2426.307164227912,-1.267127,2426.310050898392,-0.077390,2426.310234768905,-0.001608,1.265599,1.265599
lambda_C_mu,fm,11.7344411,11.73444109703632,-0.000253,11.73444109850466,-0.000127,11.73444109756561,-0.000207,11.73442748327835,-1.160406,11.73442624741088,-1.265726,11.73444020830682,-0.075989,11.73444109756561,-0.000207,1.265599,1.265599
lambda_C_tau,fm,0.69777139,0.6977714428470051,0.075737,0.6977714429343175,0.075862,0.6977714428784783,0.075782,0.6977706333247224,-1.084417,0.6977705598356638,-1.189737,0.69777139,0.000000,0.6977714428784783,0.075782,1.265599,1.265599
a_0,fm,52917.72109,52882.03296755082,-674.407773,52882.03297416797,-674.407648,52882.03296993608,-674.407728,52881.97161625237,-675.567145,52881.96604673407,-675.672393,52882.02896243268,-674.483459,52882.03296993608,-674.407728,1.265599,1.265599
Ry_eV,eV,13.605693123,13.62406324828857,1350.179305,13.62406324658379,1350.179180,13.62406324767406,1350.179260,13.62407905431745,1351.341027,13.62408048920279,1351.446489,13.62406428013217,1350.255144,13.62406324767406,1350.179260,1.265600,1.265600
N_eff,(dimensionless),3.046,3.0,-15101.772817,3.0,-15101.772817,3.0,-15101.772817,3.0,-15101.772817,3.0,-15101.772817,3.0,-15101.772817,3.0,-15101.772817,0.000000,0.000000
